id,title,author,type,genre,pages,language,publication_year,link,description
1,Հարրի Փոթեր և փիլիսոփայական քարը,Ջոան Ռոուլինգ,Վեպ,Ֆենթեզի,257,Հայերեն,2013,https://usum.am/load/0-0-0-5135-20,"Առաջին գիրքը Հարրի Փոթերի պատմության մասին, որը բացահայտում է մոգական աշխարհը։"
2,Angels and Demons,Դեն Բրաուն,Վեպ,Թրիլլեր,221,Անգլերեն,2000,https://hazidesaratcollege.ac.in/library/uploads/11angels_and_demons.pdf,Գիտական և կրոնական առեղծվածներով լի պատմություն՝ Ռոբերտ Լենգդոնի գլխավորությամբ։
3,Инферно,Դեն Բրաուն,Վեպ,Թրիլլեր,312,Ռուսերեն,2013,https://shahtinsklib.kz/files/userfiles/knigi/den_braun_inferno.pdf,Լանգդոնը փորձում է բացահայտել համաշխարհային վտանգը՝ Դանտեի «Ինֆեռնոյի» խորհրդանիշներով։
4,Փոքրիկ իշխանը,Անտուան դե Սենտ-Էքզյուպերի,Հեքիաթ,Փիլիսոփայական,62,Հայերեն,1943,https://naregatsi.org/pdf_uploads/031_Poqrik_Ishkhan.pdf,"Սիրո, ընկերության և մարդկայնության մասին խորաթափանց պատմություն։"
5,1984,Ջորջ Օրուել,Վեպ,Դիստոպիա,340,Հայերեն,1949,http://ijevanlib.ysu.am/wp-content/uploads/2018/05/1984-%D5%8B%D5%B8%D6%80%D5%BB-%D5%95%D6%80%D5%B8%D6%82%D5%A5%D5%AC.pdf,Հեղինակային դասական՝ ամբողջատիրական աշխարհի վտանգների մասին։
6,Ալքիմիկոսը,Պաոլո Կոելյո,Վեպ,Փիլիսոփայական,164,Հայերեն,2004,http://ijevanlib.ysu.am/wp-content/uploads/2018/03/alqimik.pdf,Երազանքների և ինքնաճանաչման փնտրտուքի մասին խորհրդանշական պատմություն։
7,Դորիան Գրեյի դիմանկարը,Օսկար Ուայլդ,Վեպ,Դրամա,314,Հայերեն,2012,http://ijevanlib.ysu.am/wp-content/uploads/2018/05/%D4%B4%D5%B8%D6%80%D5%AB%D5%A1%D5%B6-%D4%B3%D6%80%D5%A5%D5%B5%D5%AB-%D5%A4%D5%AB%D5%B4%D5%A1%D5%B6%D5%AF%D5%A1%D6%80%D5%A8-%D5%95%D5%BD%D5%AF%D5%A1%D6%80-%D5%88%D6%82%D5%A1%D5%B5%D5%AC%D5%A4.pdf,"Վեպում արծածված  են բազմաթիվ հարցեր, որոնք հիմնականում առնչվում են արվսետին, բարոյագիտության և գեղեցիկի փոխադարձ կապին։"
8,Մանոն Լեսկո,Աբբա Պրևո,Վեպ,Դրամա,223,Հայերեն,1966,https://online.fliphtml5.com/nfycf/qxnn/#p=4,Գրականության պատմության մեջ հոգեբանական առաջին վեպերից մեկն է:
9,Երեք ընկեր,Էրիխ Մարիա Ռեմարկ,Վեպ,Դրամա,499,Հայերեն,1972,https://grqamol.am/article/erich-maria-remark-ereq-ynker-bernel/,Վեպում Ռեմարկը պատմում է իր բարեկամ-հասակակիցների ճակատագրի մասին՝ 1929-1933թթ. համաշխարհային տնտեսական ճգնաժամի տարիներին:
10,Հաղթական կամար,Էրիխ Մարիա Ռեմարկ,Վեպ,Դրամա,609,Հայերեն,1973,http://ijevanlib.ysu.am/wp-content/uploads/2018/02/converted_file_5cdc6f76.compressed.pdf),Վեպը երկրորդ համաշխարհային պատերազմի ժամանակաշրջանի դասական գործերից է։
11,Harry Potter and the Philosopher’s Stone,Ջոան Ռոուլինգ,Վեպ,Ֆենթեզի,228,Անգլերեն,2012,https://thebookshelfbeforeme.wordpress.com/wp-content/uploads/2020/04/harry-potter-and-the-philosophers-stone-by-jk-rowling.pdf,"Առաջին գիրքը Հարրի Փոթերի պատմության մասին, որը բացահայտում է մոգական աշխարհը։"
12,Harry Potter and the chamber of secrets,Ջոան Ռոուլինգ,Վեպ,Ֆենթեզի,294,Անգլերեն,2000,https://hazidesaratcollege.ac.in/library/uploads/4jkr_harrypotter_2.pdf,"Երկրորդ գիրքը Հարրի Փոթերի պատմության մասին։ Հելոուինին դպրոցի սրահներում տարօրինակ շշուկներ են լսվում, իբրև հարյուրավոր տարիներ առաջ դպրոցում կառուցած Գաղտնիքների սենյակը կրկին բացվել է, և այնտեղ դարանած Սարսափն ազատ է արձակվել` սպառնալով ոչնչացնել ոչ կախարդ ընտանիքներում ծնված աշակերտներին։"
13,Harry Potter and the prisoner of Azkaban,Ջոան Ռոուլինգ,Վեպ,Ֆենթեզի,369,Անգլերեն,2000,https://vidyaprabodhinicollege.edu.in/VPCCECM/ebooks/ENGLISH%20LITERATURE/Harry%20potter/(Book%203)%20Harry%20Potter%20And%20The%20Prisoner%20Of%20Azkaban_001.pdf,Երրորդ գիրքը Հարրի Փոթերի պատմության մասին։ Տասներկու երկար տարիներ Ազքաբանի բանտում փակված էր Սիրիուս Բլեք անունով սոսկալի մի կալանավոր: Եվ ահա նրան հաջողվում է խորամանկել անգամ Ազքաբանի պահնորդներին և փախչել իր ատելի խցից:
14,Harry Potter and the goblet of fire,Ջոան Ռոուլինգ,Վեպ,Ֆենթեզի,475,Անգլերեն,2000,https://vidyaprabodhinicollege.edu.in/VPCCECM/ebooks/ENGLISH%20LITERATURE/Harry%20potter/(Book%204)%20Harry%20Potter%20And%20The%20Goblet%20Of%20Fire_001.pdf,"Չորրորդ գիրքը Հարրի Փոթերի պատմության մասին։ Հարյուր տարվա ընդմիջումից հետո վերսկսվելու է Եռյակի մրցամարտը՝ կախարդների դպրոցների միջև տեղի ունեցող մրցույթը: Հարրին մյուս աշակերտների նման պատրաստվում է դիտելու մրցամարտի երեք փուլերը, սակայն դեպքերն անսպասելի ընթացք են ստանում. Հարրիին դարձյալ դժվարին փորձություններ են սպասում:"
15,Harry Potter and the order of the Phoenix ,Ջոան Ռոուլինգ,Վեպ,Ֆենթեզի,891,Անգլերեն,2003,https://afgjilibrary.wordpress.com/wp-content/uploads/2020/05/hp5-harry-potter-and-the-order-of-the-phoenix.pdf,"Հինգերորդ գիրքը Հարրի Փոթերի պատմության մասին։ Վհկության և կախարդության դպրոցում, որտեղ Հարրին է սովորում, արմատական փոփոխություններ են սպասվում: Մոգության նախարարությունը որոշում է Դամբլդորին մարտահրավեր նետել` Հոգվորթս որպես ավագ տեսուչ գործուղելով դաժան ու նեղմիտ մի անձնավորության:"
16,Harry Potter and the half-blood prince,Ջոան Ռոուլինգ,Վեպ,Ֆենթեզի,552,Անգլերեն,2005,https://kvongcmehsanalibrary.wordpress.com/wp-content/uploads/2021/07/harry-potter-and-the-half-blood-prince-j.k.-rowling.pdf,"Վեցերորդ գիրքը Հարրի Փոթերի պատմության մասին։ Վոլդեմորի դեմ մղվող պատերազմում կախարդ հանրությունը հաջողության չի հասնում: Հերմայոնին «Դեյլի փրոֆիթից» սոսկալի լուրեր է կարդում: Դամբլդորը պարբերաբար երկար ժամանակով բացակայում է Հոգվորթսից, և չնայած այս ամենին` կյանքը շարունակվում է: Դասերը գնալով բարդանում են: Հարրի Փոթերն անսպասելի օգնություն է ստանում «Կիսարյուն արքայազն» անունով մի խորհրդավոր անձնավորությունից:"
17,Harry Potter and the deathly hallows,Ջոան Ռոուլինգ,Վեպ,Ֆենթեզի,768,Անգլերեն,2007,https://vidyaprabodhinicollege.edu.in/VPCCECM/ebooks/ENGLISH%20LITERATURE/Harry%20potter/(Book%207)%20Harry%20Potter%20And%20The%20Deathly%20Hallows.pdf,"Յոթերորդ գիրքը Հարրի Փոթերի պատմության մասին։ Հարրին և նրա համախոհները պետք է Վոլան դե Մորտին նետեն վերջին մարտահրավերը և պաշտպանեն Հոգվարթսը, իսկ դրա հետ միասին՝ խաղաղությունը և հանգստությունը ողջ կախարդական Բրիտանիայում։"
18,Անահիտ,Ղազարոս Աղայան,Հեքիաթ,Ավանդապատում,31,Հայերեն,1881,https://grqamol.am/article/ghazaros-aghayan-anahit-bernel/,"«Անահիտ» հեքիաթը Ղազարոս Աղայանը գրել է 1881 թվականին։ Այն որոշակի դաստիարակչան-կրթական նպատակներով գրված մի հրաշապատում հեքիաթ է, որն Աղայանը գրել է Լոռիում տարածված «Փեշակը ոսկի ա» ժողովրդական հեքիաթի հիման վրա։ Բացի աշխատանքի ու աշխատասիրության գովքը, այս հեքիաթն ուշագրավ է նրանով, որ գործողությունները ծավալվում են Արցախի տարածքում, գլխավոր հերոսների անունները կապվում են Հայոց Արևելից կողմանց (Արցախ և Ուտիք) թագավորներ Վաչեի ու  Վաչագան Բարեպաշտի հետ, իսկ Անահիտի հայր Առանը, ըստ Մովսես Խորենացու այս տարածքներում իշխող հայկական իշխանական-թագավորական տոհմի՝ Առանշահիկների նախահայրն է։ "
19,Աննա Ֆրանկի օրագիրը,Աննա Ֆրանկ,Օրագիր,Ինքնակենսագրական,313,Հայերեն,1962,https://grqamol.am/article/anna-franki-oragiry-bernel/,Այս գիրքը Աննա Ֆրանկ ի կյանքն է 1942 թ. հունիսի 12-ից մինչեւ 1944 թ. օգոստոսի 1-ը։ Օրագրի միջոցով մենք նորովի ենք ընկալում հոլոքոսթը «Հետնատան» պատերից ներս ապրող մարդու աչքերով։ 
20,Վարպետը և Մարգարիտան,Միխայիլ Բուլգակով,Վեպ,Փիլիսոփայական,616,Հայերեն,1985,https://grqamol.am/ebook/mikhayil-bulgakov-varpety-ev-margaritan/,"«Վարպետը և Մարգարիտան»սովետական նշանավոր գրող Մ. Ա. Բուլգակովի վերջին և ամենանշանակալի ստեղծագործությունն է՝ Պիղատոսի և Յեշուայի պատմությունը, լուծված որպես մարդու պատասխանատվության բարոյական պրոբլեմ, Վարետի և Մարգարիտայի սիրո ֆանտաստիկ պատմությունը:"
21,Великий Гэтсби,Ֆ. Սքոթ Ֆիցջերալդ,Վեպ,Դրամա,85,Ռուսերեն,2001,https://imwerden.de/pdf/fitzgerald_great_getsby.pdf,"«Մեծն Գեթսբի» վեպը ամերիկացի գրող Ֆ. Ս. Ֆիցջերալդի գլուխգործոցն է: Այն համարվում է ամերիկյան գրականության «ջազի դարը» բնորոշող ստեղծագործություն: Այդ ժամանակաշրջանը, որ ընդգրկում է Առաջին աշխարհամարտի ավարտից մինչև 1930–ականների Մեծ ճգնաժամի տարիները, իր անվանումը ստացել է հենց Ֆիցջերալդի կողմից: Վեպը 20-րդ դարում անգլերենով գրված 100 լավագույն գրքերի ցանկում զբաղեցրել է երկրորդ տեղը:"
22,451° по Фаренгейту,Ռեյ Բրեդբերի,Վեպ,Դիստոպիա,353,Ռուսերեն,1965,https://imwerden.de/pdf/bradbury_451_gradus_po_farengejtu_rasskazy_1965__ocr.pdf,"«451 աստիճան ըստ Ֆարենհայթի» ամերիկացի գրող Ռեյ Բրեդբերիի ֆանտաստիկ վեպն է՝ գրված 1951 թվականին։ Վեպը պատմում է գրքի ապագայի մասին՝ ամերիկյան հասարակության մեջ, որտեղ գրքերը արգելված էին, և «հրշեջները» այրում էին հայտնաբերված ցանկացած բան։"
23,451° ըստ Ֆարենհայթի,Ռեյ Բրեդբերի,Վեպ,Դիստոպիա,146,Հայերեն,2016,https://library.shsu.am/wp-content/uploads/2016/11/451-astichan.pdf,"«451 աստիճան ըստ Ֆարենհայթի» ամերիկացի գրող Ռեյ Բրեդբերիի ֆանտաստիկ վեպն է՝ գրված 1951 թվականին։ Վեպը պատմում է գրքի ապագայի մասին՝ ամերիկյան հասարակության մեջ, որտեղ գրքերը արգելված էին, և «հրշեջները» այրում էին հայտնաբերված ցանկացած բան։"
24,Սպիտակ ժանիք,Ջեկ Լոնդոն,Վիպակ,Արկածային,225,Հայերեն,1966,https://www.scribd.com/document/355980117/%D5%8D%D5%BA%D5%AB%D5%BF%D5%A1%D5%AF-%D5%AA%D5%A1%D5%B6%D5%AB%D6%84,"«Սպիտակ ժանիք» վիպակն առաջին անգամ տպագրվել է «Աութինգ մեգեզին» հանդեսում՝ 1904 թվականի հունվար-նոյեմբեր ամիսներին, ապա հրատարակվել է Նյու Յորքում:​Իրադարձությունները տեղի են ունենում Ալյասկայում, ոսկու տենդի ժամանակներում: Վիպակի հերոսը ընտելացված գայլն է, որին անվանում են Սպիտակ Ժանիք՝ սպիտակափայլ ժանիքներ ունենալու համար: Պատմության հիմնական մասը կազմված է գայլի խոհերի, պատկերացումների եւ ընկալումների տեսանկյունով: Մյուս կողմից՝ ներկայացվում են հեռավոր հյուսիսում բնակվող դաժանացած մարդու վերաբերմունքն ու հարաբերությունները աշխարհը հասկանալ ցանկացող կենդանու հետ:"
25,Белый Клык,Ջեկ Լոնդոն,Վիպակ,Արկածային,96,Ռուսերեն,2020,https://www.scribd.com/document/683267730/%D0%91%D0%B5%D0%BB%D1%8B%D0%B9-%D0%BA%D0%BB%D1%8B%D0%BA#page=96,"«Սպիտակ ժանիք» վիպակն առաջին անգամ տպագրվել է «Աութինգ մեգեզին» հանդեսում՝ 1904 թվականի հունվար-նոյեմբեր ամիսներին, ապա հրատարակվել է Նյու Յորքում:​Իրադարձությունները տեղի են ունենում Ալյասկայում, ոսկու տենդի ժամանակներում: Վիպակի հերոսը ընտելացված գայլն է, որին անվանում են Սպիտակ Ժանիք՝ սպիտակափայլ ժանիքներ ունենալու համար: Պատմության հիմնական մասը կազմված է գայլի խոհերի, պատկերացումների եւ ընկալումների տեսանկյունով: Մյուս կողմից՝ ներկայացվում են հեռավոր հյուսիսում բնակվող դաժանացած մարդու վերաբերմունքն ու հարաբերությունները աշխարհը հասկանալ ցանկացող կենդանու հետ:"
26,Հպարտություն և նախապաշարմունք,Ջեյն Օսթին,Վեպ,Ռոմանտիկ,464,Հայերեն,2014,https://vk.com/doc367601673_466514695?hash=rllhGGSSfddmAHikN6DHMzjwfUY0DJjyz7IdhYbnyF8,"Անգլիացի հարուստ հողատեր Դարսին հմայվում է մանր ազնվականի դուստր Էլիզաբեթի աշխույժ մտքով և արժանավայել պահվածքով։ Թվում է՝ երիտասարդի հասարակական դիրքից ու ազգակցական կապերից բխող հպարտությունը և նրա մասին տեղի հասարակության բացասական կարծիքից առաջացած՝ աղջկա նախապաշարմունքը բացառում են, որ իրականանա Էլիզաբեթի մոր թերևս միակ երազանքը՝ ամուսնացած տեսնել իր հինգ դուստրերին… Ջեյն Օսթինի այս ստեղծագործությունը գրավում է հետաքրքրական ու խոսուն կերպարներով, որոնք իրենց ժամանակի ծնունդը լինելով՝ արդիական են բոլոր ժամանակների համար։"
27,Ջեյն Էյր,Շարլոթ Բրոնտե,Վեպ,Ռոմանտիկ,544,Հայերեն,1988,https://www.scribd.com/document/663345338/%D4%B7%D5%B5%D6%80-1562082031,"Անգլիացի վիպասանուհի Շառլոթ Բրոնտեն (1816-1855) իր սոցիալ-հոգեբանական վեպում պատմում է որբ աղջկա ճակատագրի մասին։ Վեպը համարձակ կերպով մերկացնում է բուրժուական հասարակության արատները, պատմում վիկտորիանական դարաշրջանի Անգլիայում կնոջ իրավազուրկ վիճակի մասին։ Այն տոգորված է սոցիալական անարդարությունների դեմ բողոքի շնչով։"
28,Մարդկային կատագերություն,Վիլյամ Սարոյան,Վեպ,Դրամա,239,Հայերեն,1959,https://grqamol.am/article/william-saroyan-mardkayin-katakergutyun-bernel/,"«Մարդկային կատակերգություն» վեպում (1943) սարոյանական ջերմության, մարդասիրության ու լավատեսության անմոռանալի տեսարաններ են հաջորդում իրար՝ արգելավազքը հաղթահարող Հոմերը, Քովիգթոնի խանութում արջի թակարդն ընկած փոքրիկ Ուլիսեսը, ծեր հեռագրիչ Գրոգանն իր դարակում թաքցրած օղու շշով, որ բթացնի սիրո, հույսի, ցավի ու մահվան հեռագրերի անվերջանալի տարափի դառն իրականությունը, Հոմերի՝ պատերազմ մեկնած եղբոր երգը տնից հեռու սլացող գնացքում… Սարոյանն ինչով ասես չէր զարմացրել ընթերցողին, բայց այս գործը կարծես գերազանցել է ամեն ինչ. պատերազմի ու սովորական համեստ մարդկանց մասին մի շիտակ պատմություն: Մի փոքրիկ վեպ: Մի մեծ նվաճում:"
29,Եվ ոչ ոք չմնաց...,Ագաթա Քրիստի,Վեպ,Դետեկտիվ,240,Հայերեն,2019,https://online.anyflip.com/ujtvr/xeca/mobile/index.html," Գիրքը հրատարակվել է Մեծ Բրիտանիայում 1939թ.՝ «Տասը փոքրիկ սևամորթներ» վերնագրով: Մեկ տարի անց հրատարակվել է ԱՄՆ-ում՝ «Եվ ոչ ոք չմնաց...» վերնագրով, որով էլ հետագայում հայտնի դարձավ ամբողջ աշխարհում: Տասը հոգի՝ միմյանց անծանոթ և առաջին հայացքից իրար հետ ոչ մի կապ չունեցող, հայտնվում են Սոլջըր Այլենդում՝ Զինվորի կղզում, որտեղ նրանց սպասում են տասը զինվորների ճենապակե արձանիկներով լի սկուտեղն ու անլուծելի առեղծվածը, թե ինչու են իրենց հրավիրել այդտեղ"
30,Անվերջանալի գիշեր,Ագաթա Քրիստի,Վեպ,Դետեկտիվ,256,Հայերեն,2020,https://online.anyflip.com/ujtvr/gncj/mobile/index.html,"Ագաթա Քրիստիի «Անվերջանալի գիշեր» վեպն առաջին անգամ լույս է տեսել 1967 թվականին։ Վերնագրի ընտրության հարցում հեղինակին ոգեշնչել են անգլիացի բանաստեղծ Ուիլյամ Բլեյքի «Անմեղության երգեր» բանաստեղծության տողերը։ Քրիստին մի առիթով խոստովանել է, որ «Անվերջանալի գիշերն» իր ամենասիրելի ստեղծագործությունն է, և թեպետ իր վեպերը սովորաբար գրում է երեք-չորս ամսում, այս մեկն ավարտին է հասցրել վեց շաբաթվա ընթացքում։"
31,Ռոջեր Ակրոյդի սպանությունը,Ագաթա Քրիստի,Վեպ,Դետեկտիվ,288,Հայերեն,1990,https://online.anyflip.com/ujtvr/ajey/mobile/index.html,"Ագաթա Քրիստիի ամենահակասական գործը՝ «Ռոջեր Էքրոյդի սպանությունը»՝ իր նորարարական վերջաբանով, նոր էջ բացեց դետեկտիվ ժանրի պատմության մեջ: 1926թ. լույս տեսած վեպը համարվում է բոլոր ժամանակների լավագույն դետեկտիվ ստեղծագործություններից մեկը: Անգլիայի խաղաղ գյուղակներից մեկը՝ Քինգզ Էբոթը, ցնցվում է տեղի մեծահարուստ ու հարգարժան մարդկանցից մեկի՝ Ռոջեր Էքրոյդի սպանության լուրից:"
32,Սպանություն «Արևելյան ճեպընթացում»,Ագաթա Քրիստի,Վեպ,Դետեկտիվ,237,Հայերեն,1971,https://online.fliphtml5.com/nfycf/kmtx/#p=2,"«Սպանություն Արևելյան ճեպընթացում» վիպակը համարվում է Ագաթա Քրիստիի լավագույն ստեղծագործություններից մեկը։ Գլխավոր հերոսը Էրքյուլ Պուարոն է, որն իր մասնագիտական հմտությունների և ճկուն տրամաբանության շնորհիվ բացահայտում է չափազանց հետաքրքրական մի հանցագործություն։ Վեպը առաջին անգամ հրատարակվել է 1934 թվականին Մեծ Բրիտանիայում։ "
33,Էնդհաուզի առեղծվածը,Ագաթա Քրիստի,Վեպ,Դետեկտիվ,223,Հայերեն,1971,https://online.fliphtml5.com/nfycf/segi/#p=2,"1932 թվականին լույս տեսած «Էնդհաուզի առեղծվածը» վեպը Ագաթա Քրիստիի ամենահայտնի ստեղծագործություններից է։ Սա հեղինակի՝ թվով յոթերորդ գործն է, որի գլխավոր հերոսը Էրքյուլ Պուարոն է։ Սյուժետային զարգացումներն ընթանում են կտրուկ և անսպասելի, ինչը հատուկ է դետեկտիվի թագուհու բոլոր վեպերին։ Եվ միայն խորագետ ու փորձառու խուզարկուին է հաջողվում աստիճանաբար առանձնացնել անհավատալի թնջուկի բոլոր թելերը։"
34,Управленческий учет,Պ. Մ. Մանսուրով,Աշխատություն,Ֆինանսաբանկային,175,Ռուսերեն,2018,https://lib.ulstu.ru/venec/disk/2010/Mansurov.pdf,"Ուսումնական ձեռնարկը նախատեսված է «Կառավարման հաշվառում» առարկայի դասախոսական դասընթացը ուսումնասիրելու համար։ Ներկայացված են թեմաներ և վերահսկիչ հարցեր, որոնք հնարավորություն են տալիս ուսանողներին շարունակական և խորությամբ ուսումնասիրել դասընթացի տեսական հարցերը։"
35,Бухгалтерский учет и отчетность в коммерческих банках,Ի.Պ. Վորոբյովա,Աշխատություն,Ֆինանսաբանկային,182,Ռուսերեն,2018,https://vital.lib.tsu.ru/vital/access/services/Download/vtls:000479174/SOURCE1?view=true,"Ձեռնարկը պատրաստվել է Ուլյանովսկի պետական տեխնիկական համալսարանի «Հաշվապահական հաշվառում, վերլուծություն և աուդիտ» ամբիոնում և նախատեսված է «Ֆինանսներ և վարկ» մասնագիտությունների ուսանողների համար։"
36,Бухгалтерский учет в коммерческих банках,Գ. Ն. Բելոգլազովա,Աշխատություն,Ֆինանսաբանկային,479,Ռուսերեն,2013,https://urss.ru/images/add_ru/190951-1.pdf?srsltid=AfmBOooNn4hKraPnDiYFA24pgJsaZqMhkKlIZ-AS0yvhkRyuKLX1mBa5,"Ձեռնարկում ներկայացված է հաշվապահական հաշվառման և հաշվետվության վարելու կարգը առևտրային բանկերում։ Յուրաքանչյուր հաշվային քաղաքականության ուղղությամբ ներկայացված է հաշվառման կարգը, տրված է հաշիվների համապատասխանությունը։ Ներառված են միասնական հաշվապահական փաստաթղթերի օրինակներ և հաշվետվական ձևեր։ Ցուցադրված են հաշվային քաղաքականության առանձնահատկությունները՝ կիրառելի առևտրային բանկի հաճախորդների նկատմամբ։"
37,Sapiens: A Brief History of Humankind,Յուվալ Նոա Հարարի,Վեպ,Փաստագրական,303,Անգլերեն,2014,https://staibabussalamsula.ac.id/wp-content/uploads/2023/11/yuval_noah_harari-sapiens_a_brief_histor.pdf,"«Սափիենս. Մարդկության համառոտ պատմություն» գիրքը հիմնված է նրա դասախոսությունների շարքերի վրա, կարդացած Երուսաղեմի Եբրայական համալսարանում։ Գիրքը առաջին անգամ հրատարակվել է իբրայերենով Իսրայելում՝ 2011 թվականին, իսկ անգլերենով՝ 2014 թվականին։ Գրքում ուշադրությունը կենտրոնացած է Homo sapiens տեսակի վրա և ներկայացվում է մարդկության պատմությունը՝ սկսած Քարե դարից մինչև 21-րդ դարը։ Պատումը կառուցված է մի ձևաչափով, որը միավորում է բնական և հասարակական գիտությունները։"
38,Homo Deus: A Brief History of Tomorrow,Յուվալ Նոա Հարարի,Վեպ,Փաստագրական,264,Անգլերեն,2022,https://readandlaugh.wordpress.com/wp-content/uploads/2018/04/homo_deus_a_brief_history_of_tomorrow_pdf.pdf,"«Homo Deus: Ապագայի համառոտ պատմություն» գիրքն իսրայելցի հեղինակ Յուվալ Նոա Հարարիի ստեղծագործությունն է, որը Երուսաղեմի Եբրայական համալսարանի պրոֆեսոր է։ Գիրքը առաջին անգամ հրատարակվել է եբրայերենով 2015 թվականին՝ Dvir հրատարակչության կողմից, իսկ անգլերեն տարբերակը լույս է տեսել 2016 թվականի սեպտեմբերին՝ Միացյալ Թագավորությունում և 2017 թվականի փետրվարին՝ ԱՄՆ-ում։"
39,A Brief History of Time,Սթիվեն Հոքինգ,Աշխատություն,Գիտական,185,Անգլերեն,1996,https://pubhtml5.com/hmeo/eogp/A_Brief_History_of_Time_by_Stephen_Hawking/113,"«Ժամանակի համառոտ պատմությունը. Մեծ պայթյունից մինչև սև խոռոչներ» գիրքը ֆիզիկոս Սթիվեն Հոքինգի հեղինակած տիեզերագիտության մասին աշխատությունն է, որը առաջին անգամ հրատարակվել է 1988 թվականին։"
40,Rich Dad Poor Dad,Ռոբերտ Կիյոսակի,Վեպ,Փաստագրական,241,Անգլերեն,2011,https://dn721905.ca.archive.org/0/items/rich-dad-poor-dad_bongotweet/rich-dad-poor-dad.pdf,"Հարուստ հայրիկ, Աղքատ հայրիկ գիրքը ամերիկացի գործարար, ներդնող, գրող և ուսուցիչ Ռոբերտ Կիյոսակիի և նրա գործընկեր ու հաշվապահ Շերոն Լեկտերի համատեղ աշխատանքն է, հրատարակվել է 2000 թվականի ապրիլի 1-ին։ Գրքում ներկայացված է տարբեր սոցիալական խավերի երկու հայրերի պատմությունը, ցույց տալու համար, թե ինչ են սովորեցնում հարուստ հայրերն իրենց երեխաներին և ինչ չեն սովորեցնում աղքատները։ Այս գրքի հիմնական առաքելությունը ընթերցողին ֆինանսական գրագիտություն սովորեցնելն է (ֆինանսական կրթություն), բիզնես սկսելու և ձեռք բերելու հմտություններ՝ ակտիվների ներդրմամբ, անշարժ գույքի ներդրմամբ։"
41,The Fault in our stars,Ջոն Գրին,Վեպ,Սիրավեպ,158,Անգլերեն,2012,https://spensabayalibrary.wordpress.com/wp-content/uploads/2016/04/the-fault-in-our-stars.pdf,"Չնայած ուռուցքները փոքրացնող բժշկական հրաշքին, որը Հեյզելին ապրելու ևս մի քանի տարի է պարգևել, նա, միևնույն է, անբուժելի հիվանդ է՝ քաղցկեղի վերջին փուլում, ում կյանքի վերջին գլուխը գրվել է հենց ախտորոշման պահից: Սակայն, երբ Օգոստոս Ուոթերս անունով շրջադարձային պայծառ կերպարը հանկարծակի հայտվում է «Քաղցկեղով հիվանդ երեխաների աջակցության խմբակում», Հեյզելի համար կյանքի նոր էջ է բացվում:"
42,Ծաղիկներ Էլջերնոնի համար,Դենիել Քիզ,Վեպ,Գիտաֆանտաստիկա,100,Հայերեն,2016,https://www.scribd.com/document/461457515/%D4%B4%D5%A5%D5%B6%D5%AB%D5%A5%D5%AC-%D5%94%D5%AB%D5%A6-%D4%BE%D5%A1%D5%B2%D5%AB%D5%AF%D5%B6%D5%A5%D6%80-%D4%B7%D5%AC%D5%BB%D5%A5%D6%80%D5%B6%D5%B8%D5%B6%D5%AB-%D5%80%D5%A1%D5%B4%D5%A1%D6%80,"«Ծաղիկներ Էլջերնոնի համար» վեպը նախապես գրվել է իբրեւ պատմվածք 1959 թվականին եւ արժանացել «Հյուգո» մրցանակի` որպես լավագույն պատմվածք: 7 տարի անց Քիզն այն վերածեց վեպի։ Ժանրային այս փոխակերպումն ընդհանրական առումով չի փոխել ստեղծագործության էությունը, բայց անգրագետից հանճար եւ հանճարից անգրագետ գիտափորձը վիպական տարածության մեջ էլ ավելի տպավորիչ է իր` մանրամասներով։"
43,Երկերի ժողովածու,Վահան Տերյան,Ժողովածու,Բանաստեղծություններ,388,Հայերեն,1972,https://haygirk.nla.am/upload/1941-/teryan_erker1_1972.pdf,4 հատորով երկերի ժողովածու:
44,Անլռելի զանգակատուն,Պարույր Սևակ,Պոեմ,Կենսագրություն,256,Հայերեն,1990,https://artsakhlib.am/wp-content/uploads/2020/07/%D5%8A%D5%A1%D6%80%D5%B8%D6%82%D5%B5%D6%80-%D5%8D%D6%87%D5%A1%D5%AF-%D4%B1%D5%B6%D5%AC%D5%BC%D5%A5%D5%AC%D5%AB-%D5%A6%D5%A1%D5%B6%D5%A3%D5%A1%D5%AF%D5%A1%D5%BF%D5%B8%D6%82%D5%B6.pdf,Պոեմն իրենից ներկայացնում է Կոմիտասի կենսագրության լիրիկական պատմվածք։
45,Steve Jobs: A Biography,Ուոլթեր Այզեքսոն,Վեպ,Կենսագրություն,848,Անգլերեն,2011,https://www.readdiary.com/wp-content/uploads/2022/05/Steve-Jobs-PDFDrive-1.pdf,«Սթիվ Ջոբս» գիրքը մեր ժամանակների մեծագույն անհատականություններից մեկի՝ Սթիվ Ջոբսի կյանքի ու գործունեության փաստառատ տարեգրությունն է՝ լեցուն ուսանելի մանրամասներով:
46,Анна Каренина ,Լև Տոլոստոյ,Վեպ,Ռեալիստական,884,Ռուսերեն,1878,https://www.scribd.com/document/629379307/%D0%90%D0%BD%D0%BD%D0%B0-%D0%9A%D0%B0%D1%80%D0%B5%D0%BD%D0%B8%D0%BD%D0%B0-%D0%9B%D0%B5%D0%B2-%D0%A2%D0%BE%D0%BB%D1%81%D1%82%D0%BE%D0%B9-PDF,Վեպը պատմում է ամուսնացած կնոջ՝ Աննա Կարենինայի ու սպա Վռոնսկու ողբերգական սիրո մասին։ Վեպում պատկերված են 19-րդ դարի երկրորդ կեսի Մոսկվայի ու Սանկտ Պետերբուրգի ազնվականական միջավայրերի առօրյան ու այնտեղ տիրող բարքերը։
47,Стихотворения и поэмы,Աննա Ախմատովա,Ժողովածու,Լիրիկական,570,Ռուսերեն,1976,https://imwerden.de/pdf/akhmatova_stikhotvoreniya_i_poemy_1976__ocr.pdf,"Այս ժողովածուում հրապարակված են Ախմատովայի միայն այն բանաստեղծությունները, որոնք ինքն է համարել իր լավագույնները՝ այդ թվում նրա առաջին գրքերը՝ «Երեկո», «Աղոթաթելեր», «Սպիտակ հոտ», «Ճանապարհատերև» և «Anno Domini»։"
48,Евгений Онегин,Ա․ Ս․ Պուշկին,Պոեմ,վեպ-բանաստեղծություն,148,Ռուսերեն,2002,https://imwerden.de/pdf/pushkin_evgenij_onegin.pdf,"«Եվգենի Օնեգին» (1823–1831) ռուսական գրականության ամենակարևոր ստեղծագործություններից մեկն է։ Խոր զգացմունքներով լի սիրո պատմությունը, սյուժեի դրամատիկ շրջադարձերը, կերպարների նուրբ հոգեբանական վերլուծությունը, այն ժամանակների կենցաղի և բարքերի մանրամասն նկարագրությունն այս ստեղծագործության մեջ, ինչպես հայելու մեջ, արտացոլել է ամբողջ ռուսական կյանքը։"
49,Исследование операций,Ե. Ս. Վենցել,Աշխատություն,Գիտական,203,Ռուսերեն,1980,https://systems-analysis.ru/operation_reserch_book.html,"Հասարակության լայն շրջանակի ընթերցողների համար հասկանալի և մատչելի կերպով ներկայացված են «Գործողությունների հետազոտություն» գիտության խնդիրները, մեթոդաբանական սկզբունքները և գործնական մեթոդները, որը զբաղվում է մարդկային գործունեության ռացիոնալ կազմակերպման ձևերով։"
50,Dynamic Programming,Ռիչարդ Բելլման,Աշխատություն,Գիտական,365,Ռուսերեն,1972,https://gwern.net/doc/statistics/decision/1957-bellman-dynamicprogramming.pdf,"Այս գրքի նպատակն է՝ հասարակության լայն շրջանակի ընթերցողների համար հասկանալի և մատչելի ձևով ներկայացնել «Գործողությունների հետազոտություն» գիտության խնդիրները, մեթոդաբանական սկզբունքներն ու գործնական մեթոդները, որը վերջին տարիներին ձեռք է բերում կիրառման ավելի ու ավելի լայն ոլորտ։"
51,The Magic of  Thinking Big,Դեյվիդ Ջ. Շվարց,Աշխատություն,Մոտիվացիոն,196,Անգլերեն,2014,https://librarykvbina.home.blog/wp-content/uploads/2019/12/the_magic_of_thinking_big.pdf,"Գիրքը պատմում է ինքնավստահության և սեփական ուժերի նկատմամբ հավատ ունենալու մասին։ Այն կսովորեցնի քեզ, թե ինչպես մտածել և գործել՝ զարգացնելով դրական վերաբերմունք ինքդ քո, շրջապատի և աշխատանքի նկատմամբ։"
52,7 навыков высокоэффективных людей,Սթիվեն Քովի,Վեպ,Մոտիվացիոն,240,Ռուսերեն,2017,https://hrliga.com/docs/SKovi_7Habits.pdf,"«Ամենաարդյունավետ մարդկանց 7 սովորույթները» գրքում հեղինակ Սթիվեն Քովին ներկայացնում է ամբողջական, սկզբունքների վրա հիմնված մոտեցում անձնական և մասնագիտական խնդիրների լուծման համար: Քովին խորաթափանց դիտարկումներով և սուր պատմություններով քայլ առ քայլ բացահայտում է արդարությամբ, ազնվությամբ և մարդկային արժանապատվությամբ ապրելու ճանապարհը՝ սկզբունքներ, որոնք մեզ տալիս են փոփոխություններին հարմարվելու ապահովություն, ինչպես նաև իմաստություն և ուժ՝ օգտվելու այն հնարավորություններից, որ փոփոխությունն է ստեղծում:"
53,Գծային և ոչ գծային հանրահաշվի խնդիրների լուծման թվային մեթոդների կիրառումը,Ս. Հ. Սիմոնյան,Մեթոդական,Գիտական,36,Հայերեն,2018,https://innovative.polytechnic.am/file_manager/Library/chair_publications/2713E.pdf,"Ներկայացված են <<Հաշվողական մեթոդների կիրառական տեսություն>> առարկայից նախատեսված լաբորատոր 4 աշխատանքի կատարման մեթոդական ցուցումներ և առաջադրանքներ, որոնք վերաբերում են գծային հանրահաշվական հավասարումների համակարգերի լուծման, մատրիցների սեփական բազմանդամների և սեփական թվերի որոշման, ինչպես նաև ոչ գծային հավասարումների ու համակարգերի լուծման թվային մեթոդներին:"
54,Հաշվողական մեթոդների կիրառական տեսություն,Ս. Հ. Սիմոնյան,Մեթոդական,Գիտական,36,Հայերեն,2012,https://innovative.polytechnic.am/file_manager/Library/chair_publications/1767E.pdf,"Ներկայացված են <<Հաշվողական մեթոդների կիրառական տեսություն>> առարկայից նախատեսված լաբորատոր 4 աշխատանքների կատարման համար մեթոդական ցուցումներ և առաջադրանքներ, որոնք վերաբերում են ֆունկցիաների մոտարկմանը, թվային դիֆերենցմանը, թվային ինտեգրմանը և սովորական դիֆերենցիալ հավասարումների լուծմանը:"
55,Հաշվողական մեթոդների կիրառական տեսություն,Ս. Հ. Սիմոնյան,Թեստային խնդիրների և վարժությունների շտեմարան,Գիտական,68,Հայերեն,2021,https://innovative.polytechnic.am/file_manager/Library/chair_publications/316E.pdf,"Թեստային խնդիրների և վարժությունների շտեմարանն ընդգրկում է <<Հաշվողական մեթոդների կիրառական տեսություն>> դասընթացի վերաբերյալ խնդիրներ և վարժություններ, որոնք վերաբերում են ֆունկցիաների միջարկմանը, թվային դիֆերենցմանը, թվային ինտեգրմանը, գծային և ոչ գծային հավասարումների համակարգերի լուծման թվային մեթոդներին:"
56,Մեքենայական ուսուցման ալգորիթմներ. Դասակարգում,Մ. Գ. Չիլինգարյան,Մեթոդական,Գիտական,36,Հայերեն,2023,https://innovative.polytechnic.am/file_manager/Library/electronic_resources/EUDV22.pdf,"Ներկայացված են տեսական դրույթներ մեքենայական ուսուցման տեսությունից: Բերված են մեքենայական ուսուցման դասակարգման ալգորիթմները, դրանց կիրառմաան ոլորտները: Ներկայացված է մեքենայական ուսուցման դասակարգման խնդիրների մաթեմատիկական մոդելների կառուցումը և լուծման համապատասխան ալգորիթմների մշակումը, համակարգի ուսուցման արդյունքների ստուգումը և դասակարգման որակի գնահատումը:"
57,Բարդ համակարգերի նմանակային մոդելների մշակում,Մ. Ա. Գալստյան,Մեթոդական,Գիտական,48,Հայերեն,2018,https://innovative.polytechnic.am/file_manager/Library/chair_publications/2688E.pdf,"Ներկայացված են բարդ համակարգերի հատկություններն ու դասակարգումը, մոդելավորման գործընթացի փուլերը, համակարգչային նմանակային մոդելի մշակման լաբորատոր աշխատանքները և մեթոդական ցուցումները:"
58,Կառավարման տեղեկատվական համակարգեր,Մ. Ա. Գալստյան,Մեթոդական,Գիտական,36,Հայերեն,2015,https://innovative.polytechnic.am/file_manager/Library/chair_publications/2223E.pdf,Մեթոդական ցուցումները վերաբերում են տեղեկատվական համակարգերի հիմնարար բաղադրիչներից մեկի` տվյալների բազայի նախագծման գործընթացի և MS Access տվյալների բազաների կառավարման համակարգի միջավայրում իրականացման ուսումնասիրությանը:
59,Բանկային գործ և դրամաշրջանառության օպտիմալացում և ավտոմատացում,Ա. Ս. Խաչատրյան,Մեթոդական,Ֆինանսաբանկային,48,Հայերեն,2018,https://innovative.polytechnic.am/file_manager/Library/chair_publications/2653E.pdf,"Ներկայացված են տեսական դրույթներ վարկերի, վարկավորման սկզբունքների, վարկունակության վերլուծության, ինչպես նաև վարկային պորտֆելների ձևավորման հիմունքներից:"
60,Բանկային գործ և ավտոմատացման գործիքների կիրառումը բանկում,Ա. Ս. Խաչատրյան,Ուսումնական ձեռնարկ,Ֆինանսաբանկային,64,Հայերեն,2021,https://innovative.polytechnic.am/file_manager/Library/chair_publications/320E.pdf,"Ներկայացված են տեսական դրույթներ առևտրային բանկի և բանկային առանձին գործիքների, վարկավորման գործընթացի, վարկունակության վերլուծության ու գնահատման, ինչպես նաև արժեթղթերի, ներդրումային պորտֆելների ձևավորման վերաբերյալ:"
61,Մեքենայական ուսուցում. Օպտիմալացման խնդիրներ և մեթոդներ,Ս. Հ. Սիմոնյան,Ուսումնական ձեռնարկ,Գիտական,136,Հայերեն,2024,https://innovative.polytechnic.am/file_manager/Library/chair_publications/457%D0%95.pdf,"Ուսումնական ձեռնարկը նվիրված է մեքենայական ուսուցման բնագավառում հանդիպող զանազան օպտիմալացման խնդիրների սուբգրադիենտային և գրադիենտային մոդելների ներկայացմանը, ինչպես նաև այդ խնդիրների լուծման եղանակներին, որոնցով հնարավոր է խնդիրների լուծումները ստանալ համեմատաբար պարզ հաշվողական սխեմաների օգնությամբ:"
62,Տեղեկատվական համակարգերի գործառույթների օպտիմալացում,Ս. Հ. Սիմոնյան,Մեթոդական,Գիտական,40,Հայերեն,2021,https://innovative.polytechnic.am/file_manager/Library/chair_publications/315E.pdf,Լաբորատոր աշխատանքների կատարման մեթոդական ցուցումները նվիրված են տեղեկատվական համակարգերի առանձին օպտիմալացման խնդիրների լուծման սուբգրադիենտային մոդելների կիրառման հարցերին:
63,Քաոս,Ալեքսանդր Շիրվանզադե,Վեպ,Սոցիալական,208,Հայերեն,1898,https://www.scribd.com/document/641196591/%D5%94%D5%A1%D5%B8%D5%BD,"երջին տարիների հայաստանյան հասարակական կյանքի օրինաչափությունները, Շիրվանզադեի «Քաոս» վեպում պատկերված իրականությունը, նրա բարձրացրած խնդիրները, առաջ քաշած գաղափարները դարձնում են չափազանց արդիական: Մյուս կողմից, Շիրվանզադեի գրողական վարպետության շնորհիվ նրա լավագույն երկերն առ այսօր մնում են իբրեւ գեղարվեստականության չափանիշներ:"
64,Պատվի համար,Ալեքսանդր Շիրվանզադե,Թատերգություն,Դրամա,99,Հայերեն,2021,https://davitsargsyanblog.wordpress.com/wp-content/uploads/2020/09/d58ad5a1d5bfd5bed5ab-d5b0d5a1d5b4d5a1d680.pdf,"«Պատվի համար»-ը Ալեքսանդր Շիրվանզադեի դրամաներից է, որ նա գրել է 1904 թվականին։ Պիեսի հիման վրա 1956 թվականին «Երևան» կինոստուդիայում նկարահանվել է համանուն ֆիլմը։ 2020 թվականին Հայաստանի Հանրային Հեռուստաընկերությունը սկսել է «Պատվի համար» նոր տասնվեց մասից բաղկացած հեռուստասերիալի նկարահանումները:"
65,Как завоёвывать друзей и оказывать влияние на людей,Դեյլ Քարնեգի,Վեպ,Հոգեբանական,180,Ռուսերեն,2007,https://www.scribd.com/document/778467151/Karnegi-Kak-Zavoevyvat-Druzey-i-Okazyvat-Vliyanie-Na-Lyudey-422006#page=1,"Դեյլ Քարնեգին՝ երբեմնի անհայտ ֆերմերը Միսուրի նահանգից, համաշխարհային հռչակ ձեռք բերեց, որովհետև գտավ ողջ մարդկությանը բնորոշ պահանջներից մեկի բավարարման միջոցը։"
66,Ես մինչ քեզ,Ջոջո Մոյես,Վեպ,Ռոմանտիկ,366,Հայերեն,2018,https://online.anyflip.com/ujtvr/hhgu/mobile/index.html,"Կյանքում լինում են շրջադարձային պահեր, վայրկյաններ, որոնք անկախ մեր կամքից փոխում են այն ամենը, ինչ հետո է լինելու, այն ամեն ինչը, որ մենք կզգանք ու կհասկանանք այդուհետ: Լուիզայի և Ուիլի հանդիպումը գուցե կենցաղային դիպված է, մեկի համար՝ ծանր ֆինանսական պայմաններից դուրս գալու հնարավորություն, մյուսի համար՝ պարտադրված կենսական անհրաժեշտություն, իսկ գուցե պատահականություններ չեն լինում. բոլոր պարագաներում նրանց հանդիպումը գլխիվայր է շրջում երկուսի կյանքն էլ, և ամենամթում երևում է ընտրության հնարավորություն՝ կողքինի կյանքը դարձնելու ավելին, քան նա կարող է պատկերացնել:"
67,Սամվել,Րաֆֆի,Վեպ,Պատմական,400,Հայերեն,2023,https://vahagnakanch.wordpress.com/wp-content/uploads/2011/04/raffi-samvel.pdf,"«Սամվել» հայ գրող Րաֆֆու պատմական վեպերից է։ Րաֆֆին «Սամվել» սկսել է գրել 1884 թ., ավարտել 1886 թ.։ Առաջին անգամ հրատարակվել է Թիֆլիսի «Արձագանք» շաբաթաթերթում։ Առանձին գրքով առաջին անգամ լույս է տեսել 1888 թ.։ «Սամվելը» համարվում է հայ գրականության լավագույն կոթողներից մեկը։ Նկարագրելով Հայաստանի ծանր վիճակը 4-րդ դարում` Րաֆֆին ձգտում էր նկարագրել Հայաստանը 19-րդ դարում, երբ այն գտնվում էր Թուրքիայի և Ռուսաստանի տիրապետության տակ։ Ցարական իշխանությունը այրում էր հայկական գրքերը, փակում եկեղեցիները և ոչնչացնում լեզուն։ Րաֆֆին չէր կարող լուռ նայել այդ ամենին։ «Գրելով այս վեպը ես նպատակ եմ ունեցել այդպիսի նկարագիր մեր պատմական անցյալից»,- գրել է Րաֆֆին։"
68,Խենթը,Րաֆֆի,Վեպ,Պատմական,356,Հայերեն,2022,https://krtadarak.am/wp-content/uploads/2024/03/%D5%90%D5%A1%D6%86%D6%86%D5%AB_%D4%BD%D5%A5%D5%B6%D5%A9%D5%A8.pdf,"Րաֆֆին իր «Խենթը» վեպով ցանկանում էր ժողովրդի մեջ արթնացնել ազգային ինքնագիտակցությունը, ազգի ճակատագիրը սեփական ուժերով տնօրինելու և զենքի ուժով հայրենիքն ազատագրելու գաղափարը: Գրքում նկարագրված են Հայ ազգային-ազատագրական շարժման վերելքը` կապված 1877-1878 թվականների ռուս-թուրքական պատերազմի իրադարձությունների հետ, Բայազետի բերդի պաշարումն ու գլխավոր հերոսի` Վարդանի ( նախատիպը հանդիսացել է ռուսական բանակի գնդապետ Սամսոն Տեր-Պողոսի Տեր-Պողոսյանը) սխրագործությունները։"
69,Ընդհանուր ֆիզիկայի խնդիրների ժողովածու,Լ. Հ. Քարամյան,Ուսումնական ձեռնարկ,Գիտական,192,Հայերեն,2018,https://innovative.polytechnic.am/file_manager/Library/chair_publications/2680E.pdf,"Ժողովածուն ընդգրկում է ընդհանուր ֆիզիկայի դասընթացի բակալավրի կրթական ծրագրի բոլոր բաժիններին վերաբերող անհրաժեշտ քանակությամբ խնդիրներ: Յուրաքանչյուր թեմայի վերաբերյալ տրված են հիմնական օրենքները և աշխատանքային բանաձևերը, ինչը կհեշտացնի խնդիրների լուծումը:"
70,Տվյալների բազաներ. MySQL,Ս. Հ. Խաչատրյան,Ուսումնական ձեռնարկ,Գիտական,208,Հայերեն,2018,https://innovative.polytechnic.am/file_manager/Library/chair_publications/2681E.pdf,"Ձեռնարկում ներկայացված են տվյալների ռելացիոն բազաների նախագծման, իրագործման և կառավարման համակարգերի հիմունքները: Նախատեսված է բարձր կուրսերի ուսանողների և մագիստրոսների համար:"
71,Տվյալների հենքերի կառավարման համակարգեր,Ա. Շ. Սիմոնյան,Դասագիրք,Գիտական,336,Հայերեն,2017,https://innovative.polytechnic.am/file_manager/Library/chair_publications/2632E.pdf,"Դասագրքում ներկայացված են այսօր շատ արդիական հանդիսացող տվյաների հենքերի հետ կապված հարցերը, ինչպես նաև VB.Net ծրագրավորման լեզվով նախագծերի ստեղծումը: Մանրամասն, օրինակների օգնությամբ բացատրված են տվյալների հենքերի հիման վրա ծրագրային փաթեթների և այդ ընթացքում առաջացող խնդիրների լուծման մեթոդները:"
72,Անալիտիկ երկրաչափություն և գծային հանրահաշիվ,Հ. Մ. Խոսրովյան,Ուսումնական ձեռնարկ,Գիտական,192,Հայերեն,2018,https://innovative.polytechnic.am/file_manager/Library/chair_publications/2693E.pdf,Ուսումնական ձեռնարկն ընգրկում է Հայաստանի ազգային պոլիտեխնիկական համալսարանի առաջին կուրսի համար ուսումնական ծրագրով նախատեսված անալիտիկ երկրաչափություն և գծային հանրահաշիվ առարկայի դասախոսությունների ամբողջ նյութը:
73,Emotional Intelligence,Դենիել Գոուլման,Աշխատություն,Հոգեբանական,249,Անգլերեն,2009,https://donainfo.wordpress.com/wp-content/uploads/2017/09/emotional-intelligence-daniel-goleman.pdf,"«Ո՞րն է հաջողության գրավականը», «Ինչո՞ւ են խելացի մարդիկ երբեմն ձախողում», «Ի՞նչ դեր ունեն հույզերը միջանձնային հարաբերություններում, աշխատանքում, առողջության, կրթության եւ դաստիարակության մեջ»։ Ամերիկացի հոգեբան Դենիել Գոուլմանի այս փայլուն աշխատության մեջ ամփոփված են հոգեբանության եւ նյարդաբանության նվաճումները հուզական ոլորտում, որոնք լույս են սփռում նմանօրինակ հարցերի վրա:"
74,Պեպո,Գաբրիել Սունդուկյան,Թատերգություն,Սոցիալական,88,Հայերեն,1950,https://haygirk.nla.am/upload/1941-/sundukyan_pepo_1950.pdf,"Գաբրիել Սունդուկյանը հայ թատերագրության ռեալիստական ուղղության սկզբնավորողներից է: Գաբրիել Սունդուկյանի «Պեպոն» հայ ռեալիստական դրամատուրգիայի մնայուն էջերից է, հայկական թատրոնում ամենաշատ բեմադրվող գործերից: Թարգմանվել և բեմադրվել է ռուսերեն, վրացերեն, ադրբեջաներեն, ֆրանսերեն, փոխադրվել է արևմտահայերենի: «Խաթաբալա»կատակերգության մեջ ճշմարտացիորեն պատկերել է բուրժուական հասարակարգը, որտեղ ամեն ինչ ապրանք է, այդ թվում` մարդը, ցույց է տվել փողի թագավորությունը, համատարած կեղծիքն ու խաբեությունը: Գրել է թիֆլիսահայ բարբառով:"
75,Կորած օրագիրը,Վարդգես Քալանթարյան,Վեպ,Կենսագրություն,395,Հայերեն,1986,https://online.fliphtml5.com/nfycf/lomz/#p=1,"Գրքի հերոսները տասներորդ դասարանցիներ են: Հեղինակներն արծարծում են աշակերտների բարոյական դաստիարակության հարցերը, նրանց փոխհարաբերությունները՝ տանը եւ դպրոցում, անդրադառնում մասնագիտական կողմնորոշման խնդիրներին:"
76,Քվանտային տեխնոլոգիաների ֆիզիկա,Ատոմ Մուրադյան,Աշխատություն,Գիտական,206,Հայերեն,2023,http://ijevanlib.ysu.am/wp-content/uploads/2023/10/Qvantajin_tex_fizika.pdf,"Դասագիրքը կազմված է «Ֆիզիկա» մասնագիտության բարձր կուրսերի ուսանողների, ասպիրանտների և երիտասարդ գիտաշխատողների համար: Այն ներկայացնում է քվանտային տեխնոլոգիաների մոդելային տեսությունները, աշխատանքային սկզբունքները և հիմնական տեսականին:"
77,Տարիքային և մանկավարժական հոգեբանություն,Ա. Վ. Պետրովսկի,Աշխատություն,Հոգեբանական,195,Հայերեն,1977,http://ijevanlib.ysu.am/wp-content/uploads/2017/12/tariqayin_ev_mankavarjakan_hogebanutyun.pdf,"Սույն ձեռնարկը գրված է տարիքային և մանկավարժական հոգեբանության ներկայումս գործող ծրագրին համապատասխան: Այն ապագա ուսուցիչներին ծանոթացնում է տարիքային և մանկավարժական հոգեբանության առարկայի և մեթոդների հետ, անհրաժեշտ գիտելիքներ է հաղորդում նախադպրոցականների, դեռահասների և վաղ պատանեկության շրջանի, ինչպես նաև ուսուցչի հոգեբանական առանձնահատկությունների մասին:"
78,Նահանջը առանց երգի,Շահան Շահնուր,Վեպ,Սոցիալական,286,Հայերեն,1920,https://haygirk.nla.am/upload/1512-1940/1901-1940/nahanj_shahnur_1929.pdf,"Շահան Շահնուրի (Կ. Պոլիս, 1902, Փարիզ, 1973) «Նահանջը առանց երգի» վեպը նորակազմավոր Սփյուռքի տարեգրության՝ գեղարվեստական ընդհանրացմամբ, հոգևոր ուծացում ապրող հայության վկայություններ ընդգրկող վիպասք է՝ համաժամանակային խորհրդածությունների մղող հարցադրումներով:"
79,The Martian Chronicles,Ռեյ Բրեդբերի,Վեպ,Գիտաֆանտաստիկա,188,Անգլերեն,2015,https://www.capgeox.org/uploads/1/3/1/9/131934518/the_martian_chronicles_-_ray_bradbury.pdf,"Մարսյան քրոնիկոն, 1950 թվականին հրատարակված գիտաֆանտաստիկ վեպ-պատվածաշար, հեղինակ՝ Ռեյ Բրեդբըրի։ Հեղինակն այն նվիրել է կնոջը՝ Մարգարետին։ Վեպում ներկայացվում է, թե ինչպես են հետզհետե ոչնչացող և քայքայվող Երկիր մոլորակից մարդիկ մեկնում Մարս և գաղութացնում այն, և թե ինչպես է զարգանում բնիկ մարսեցիների և նոր գաղութատեր երկրացիների միջև հակամարտությունը։"
80,The War of the Worlds,Հերբերտ ՈՒելս,Վեպ,Գիտաֆանտաստիկա,293,Անգլերեն,2011,https://www.planetpublish.com/wp-content/uploads/2011/11/The_War_of_the_Worlds_NT.pdf,"Ուելսի գիտաֆանտաստիկ այս վեպն առաջին անգամ առանձին գրքով հրատարակվել է 1898թ.: «Աշխարհների պատերազմը» նկարագրում է այլմոլորակայինների (մարսեցիների) ներխուժումը Երկիր, և գրականության մեջ նման հակամարտության առաջին նկարագրություններից է: Վեպի իրադարձությունները, որոնք առաջին դեմքով նկարագրված են անանուն ականատես հերոսի կողմից, տեղի են ունենում հարավային Անգլիայում, այդ թվում՝ Ուոքինգ քաղաքի շրջակայքում, որտեղ ապրում և աշխատում էր ինքը՝ Ուելսը, և Լոնդոնում: Գիրքը գիտաֆանտաստիկ դասական ստեղծագործություն է և իր ազդեցությունն է թողել այդ ժանրի զարգացման վրա: Քննադատները վեպը բնորոշել են որպես էվոլյուցիոն ուսմունքի, բրիտանական իմպերիալիզմի և վիկտորիանական դարաշրջանի վախերի, նախապաշարմունքների և կարծրատիպերի մեկնաբանություն և համարել «գիտական վեպ»: "
81,Letters to Milena,Ֆրանց Կաֆկա,Ժողովածու,Ինքնակենսագրական,322,Անգլերեն,1990,https://www.kkoworld.com/kitablar/frans_kafka_milenaya_mektublar-eng.pdf,"Ոչ մի այլ ստեղծագործության մեջ Կաֆկան այսքան լիովին չի բացահայտում ինքն իրեն, որքան «Նամակներ Միլենային» գրքում։ Սկզբում այս նամակագրությունը հիմնականում գործնական բնույթ ուներ, սակայն շուտով վերածվեց «նամակային սիրո»։"
82,Dearest Father,Ֆրանց Կաֆկա,Ժողովածու,Ինքնակենսագրական,56,Անգլերեն,2008,https://images.pcmac.org/Uploads/Bellevue/Bellevue/Departments/DocumentsSubCategories/Documents/letter-to-my-father.pdf,"Ինչպես Կաֆկայի շատ ստեղծագործություններ, այնպես էլ «Նամակ հորը» (Brief an den Vater) տալիս է հետաքրքիր պատկերացում հեղինակի՝ օրենքի և կարգի նկատմամբ ունեցած վերաբերմունքի մասին։ Կաֆկան հաճախ իր հոր՝ Հերման Կաֆկայի հետ ունեցած հարաբերությունները նկարագրում էր որպես «Դատավարություն», իսկ իրավական տերմիններ՝ ինչպես «Դատավճիռ» և «Մեղք», բազմիցս հանդիպում են նամակում։ Երբ Կաֆկան այս նամակը ուղարկեց իր սիրեցյալին՝ Միլենա Յեսենսկային, նա գրել էր․ «Եվ կարդալիս փորձիր հասկանալ բոլոր իրավաբանական հնարքներն ու ճարտար խոսքերը, չէ՞ որ սա փաստաբանի նամակ է»։"
83,The Trial,Ֆրանց Կաֆկա,Վեպ,Հակաուտոպիստական,254,Անգլերեն,1925,https://ia800702.us.archive.org/31/items/in.ernet.dli.2015.67525/2015.67525.Franz-Kafka-The-Trial_text.pdf,"Վեպը դարձել է Ֆրանց Կաֆկայի ստեղծագործության յուրահատուկ խորհրդանիշը։ Հետաքրքիր է, որ Կաֆկան չի թողել որևէ ուղեցույց, որի օգնությամբ կարելի էր վերականգնել վեպի սյուժեն։  Յոզեֆ Կ.-ն հերոս է անհեթեթ հասարակության մեջ։ Նրա ոչինչով աչքի չընկնող, նույնիսկ ինչ‑որ առումով սովորական կյանքը ընթանում էր իր հունով, մինչև նրան տեղեկացրին, որ իր նկատմամբ սկսվել է դատավարություն։ Կ.-ի հետ տեղի ունեցող անհեթեթությունը զարմացնում է հենց իր պարզ, սառը առօրյայի և նույնիսկ տարօրինակ տրամաբանականության պատճառով, որի հետ նա ի վիճակի չէ դիմակայել։ 
Որտե՞ղ է դատավորը, որին նա երբեք չի տեսել։ Որտե՞ղ է վերին դատարանը, ուր նա երբեք չի հասել։ Նա մեղավոր է պարզապես այն պատճառով, որ կյանքում յուրաքանչյուր մարդ ինչ-որ բանով մեղավոր կարող է լինել։"
84,The Metamorphosis,Ֆրանց Կաֆկա,Վեպ,Ֆենթեզի,77,Անգլերեն,2024,https://www.planetebook.com/free-ebooks/the-metamorphosis.pdf,"Երբ երիտասարդ վաճառական Գրեգոր Սամսան մի առավոտ արթնանում է՝ վերածված մի սարսափելի միջատի, նրա շոկն ու անբացատրելի վիճակը համատեղվում են աշխատանքի ուշացման սարսափի և ընտանիքին ու գործընկերներին իր տեսքը բացահայտելու վախի հետ։ Չնայած հաջորդ մի քանի շաբաթների ընթացքում նա աստիճանաբար ընտելանում է նոր գոյությանը՝ ամրացված բնակարանի սահմաններում, և նրա ծնողները և քույրը սովորում են ապրել grotesque միջատի հետ, Գրեգորը նկատում է, որ նրանց վերաբերմունքը դեպի իրեն փոխվում է, և նա աստիճանաբար զգում է ավելի ու ավելի օտարացած։"
85,Дневник писателя ,Ֆեոդոր Դոստոևսկի,Օրագիր,Փիլիսոփայական,880,Ռուսերեն,2010,https://rusinst.su/docs/books/F.M.Dostoevskii-Dnevnik_pisatelya.pdf,"Դոստոևսկու հանրամատչելի պարբերական գրականությունը նույնիսկ ավելի հետաքրքիր է, քան նրա գեղարվեստական արձակը։ Ամեն ինչը, ինչ հեղինակը չէր կարող արտահայտել իր հայտնի վեպերի էջերում, արտացոլվել է նրա «Գրողի օրագրում»։
Այս երկխոսական էսսեներն ու հոդվածները, որոնցում Դոստոևսկու արվեստագետի դատողություններին միանում է նաև լրագրողի սուր ու քննադատական ձայնը, կարելի է համարել «ռուսական կյանքի հանրագիտարան»․ այստեղ ներկայացված է այն ժամանակաշրջանի հասարակական կյանքի խորքային վերլուծությունը, բարոյական մթնոլորտի նկարագրությունը, խորհում են ազգային բնավորության, ժողովրդի, արվեստի և քրիստոնեության կարևորության մասին։"
86,Ночь в Лиссабоне,Էրիխ Մարիա Ռեմարկ,Վեպ,Ռոմանտիկ,626,Ռուսերեն,1990,https://imwerden.de/pdf/remarque_noch_v_lissabone_teni_v_rayu_1990__ocr.pdf,"1942 թիվ։ Լիսաբոնի Կաի նավահանգստում մի տղամարդ սևեռուն նայում էր նավին։ Նա գերմանացի էմիգրանտ էր։ Ամերիկա մեկնող նավը՝ տապան, Ամերիկան Արարատ լեռ էր էմիգրանտների համար։ Նրան է մոտենում մի տղամարդ և նավի երկու տոմս նվիրում՝ փոխարենը խնդրելով այդ գիշեր իրեն մենակ չթողնել և լսել իր պատմությունը, որ սկսվում էր 1933-ին՝ Օսնաբրյուքում, և ավարտվում այդ գիշեր Լիսաբոնի Կաի նավահանգստում՝ Եվրոպայի փախստականների վերջին թաքստոցում։ Նավը, որ կանգնած է Տեժուում և որ իր փրկությունը պիտի լիներ, այլևս ոչ մի արժեք չունի, քանի որ կորցրել է կնոջը, հանուն որի իր համար թանկ էր ազատությունը։ Ռեմարկի այս վեպը, որ լույս տեսավ 1963-ին, ճշմարտապատում նկարագրությունն է էմիգրանտների դժխեմ ճակատագրի, իսկ սերն ու մահը գոյության պարտադիր ուղեկիցներն են։"
87,Фауст,Յոհան Վոլֆգանգ ֆոն Գյոթե,Պիես,Ողբերգություն,480,Ռուսերեն,1960,https://img0.liveinternet.ru/images/attach/c/10/4084/4084007_faust.pdf,"""Յոհան Վոլֆգանգ Գյոթեի (1749-1832) կոթողային «Ֆաուստ» ողբերգությունը համաշխարհային գրականության գագաթներից մեկն է և մեծ ազդեցություն է թողել տարբեր ժողովուրդների մշակույթի վրա։"""
88,Нерв,Վլադիմիր Վիսոցկի,Ժողովածու,Լիրիկական,133,Ռուսերեն,1981,https://adebiportal.kz/upload/iblock/6e9/6e9d66cc9438aa1b78c4f18e472b8719.pdf,"«Ներվ» (1981) – Վլադիմիր Վիսոցկու բանաստեղծությունների և երգերի առաջին պաշտոնական ժողովածուն է, որը հրատարակվել է ԽՍՀՄ-ում բանաստեղծի մահվանից հետո։ Այս գիրքը Վիսոցկու ամենաանձնական և հուզական ստեղծագործությունների ժողովածուն է, որն արտացոլում է նրա ստեղծագործական հոգեբանությունը և խորը զգացմունքային աշխարհը։"
89,The Science Book,John Gribbin,Աշխատություն,Գիտական,354,Անգլերեն,2014,https://namdu.uz/media/Books/pdf/2024/06/27/NamDU-ARM-8579-Science_book.pdf,"Այս գիրքը «Մեծ գաղափարներ» (Big Ideas) շարքի մի մասն է և պարզ ու հասկանալի ձևաչափով ներկայացնում է բարդ թեմաներ ու գաղափարներ։ Սովորիր գիտության մասին այս ամփոփ ուղեցույցի միջոցով, որը հրաշալի է թե՛ սկսնակների համար, ովքեր ցանկանում են սովորել, և թե՛ մասնագետների համար, ովքեր ցանկանում են թարմացնել իրենց գիտելիքները։ «Գիտության գիրք»-ը նոր և կենդանի մոտեցում է առաջարկում թեմային՝ աչքի ընկնող գրաֆիկաներով և դիագրամներով, որոնք օգնում են ամբողջությամբ խորասուզվել գիտության աշխարհում։"
90,Materials Science and Engineering: An Introduction,ՈՒլլիամ Դ. Քալիսթեր,Աշխատություն,Գիտական,975,Անգլերեն,2018,"https://ftp.idu.ac.id/wp-content/uploads/ebook/tdg/TEKNOLOGI%20REKAYASA%20MATERIAL%20PERTAHANAN/Materials%20Science%20and%20Engineering%20An%20Introduction%20by%20William%20D.%20Callister,%20Jr.,%20David%20G.%20Rethwish%20(z-lib.org).pdf","Գիրքը նախատեսված է սկսնակ ուսանողների համար և բացատրում է, թե ինչպես են ատոմային և բյուրեղային մակարդակում նյութերի կառուցվածքը և մշակման եղանակները պայմանավորում դրանց մեխանիկական, էլեկտրական և քիմիական հատկությունները։ Գրքի ուժեղ կողմը բարդ թեմաների տեսողական և հասկանալի ներկայացումն է՝ օգտագործելով դիագրամներ, գրաֆիկներ և գունային նկարազարդումներ։"
91,Հավանականությունների տեսություն,Հ. Մ. Խոսրովյան,Խնդրագիրք,Գիտական,96,Հայերեն,2019,https://innovative.polytechnic.am/file_manager/Library/chair_publications/1511E.pdf,"Խնդրագրքում ընդգրկված են <<Հավանականությունների տեսություն>> առարկայի ծրագրային նյութին համապատասխանող խնդիրներ, որոնք վերաբերում են դասընթացի գրեթե բոլոր բաժիններին: Բերված են անհրաժեշտ տեսական տեղեկություններ և բանաձևեր, տրված են տիպային խնդիրների լուծումներ:"
92,The Silent Patient,Ալեքս Մայքլիդիս,Վեպ,Թրիլլեր,299,Անգլերեն,2019,http://103.203.175.90:81/fdScript/RootOfEBooks/E%20Book%20collection%20-%202022%20-%20B/ENGLISH/The%20Silent%20Patient%20by%20Alex%20Michaelides%20(z-lib.org).epub.pdf,"Ալիսիա Բերենսոնի կյանքը, թվում է, կատարյալ է: Հայտնի նկարչուհին ամուսնացած է նորաձևության ոլորտում հանրահայտ լուսանկարչի հետ, ապրում է Լոնդոնի հեղինակավոր թաղամասում: Մի օր, ուշ երեկոյան, ամուսինը՝ Գաբրիելը, վերադառնում է նկարահանումից, և Ալիսիան 5 անգամ կրակում է նրա դեմքին, ինչից հետո այլևս ոչ մի բառ չի արտասանում: Ալիսիան հրաժարվում է խոսել կամ որևէ կերպ բացատրել եղելությունը, ինչի պատճառով ընտանեկան ողբերգությունը վերածվում է մեծ առեղծվածի, որը բորբոքում է հանրության երևակայությունը։ Ալիսիան անմիջապես հայտնի է դառնում, իսկ նա՝ լռակյաց հիվանդը, գովազդային վահանակներից ու հանրության ուշադրությունից թաքնվում է հոգեբուժարանում: Թեո Ֆաբերը քրեական հոգեթերապևտ է. նա երկար է սպասել Ալիսիայի հետ աշխատելու հնարավորությանը: Որոշել է ստիպել, որ Ալիսիան խոսի և բացահայտի, թե ինչու է սպանել ամուսնուն:"
93,Անունս Արամ է,Վիլյամ Սարոյան,Ժողովածու,Ինքնակենսագրական,215,Հայերեն,1994,https://hamazkayinpasadena.com/wp-content/uploads/2017/06/%D4%B1%D5%B6%D5%B8%D6%82%D5%B6%D5%BD-%D4%B1%D6%80%D5%A1%D5%B4-%D5%A7.pdf,"«Անունս Արամ է» պատմվածքների շարքը Սարոյանի մանկական ու պատանեկան հիշողությունների արձագանքն է՝ յոթնամյա տղայի բացահայտումներից մինչև տասնյոթամյա պատանու ներաշխարհը։ Ծայրից ծայր զուտ սարոյանական՝ զարմանալի խանդավառությամբ, խրոխտությամբ ու գաղտնախորհուրդ թախիծով շաղախված, նուրբ հումորով ներծծված պատմություններ՝ հարազատ փոքրիկ քաղաքի զավեշտալի մարդկանց և դրանց դիմակայող՝ Սարոյանների հերսոտ ու հպարտ ընտանիքի մասին։ Պատմվածքները թարգմանված են գրքի երկրորդ՝ հեղինակի լրամշակումներով հրատարակությունից։"
94,Papa You're Crazy,Վիլյամ Սարոյան,Վիպակ,Ինքնակենսագրական,130,Անգլերեն,1965,https://archive.org/details/saroyan_william_papa_you_re_crazy/page/n129/mode/2up,"«Հայրիկ, դու խենթ ես» վիպակը (1957), որ ներկայացվում է վերանայված թարգմանությամբ, Ուիլյամ Սարոյանի գրական ժառանգության մարգարիտներից մեկն է: Տասնամյա տղայի պատումը, միահյուսվելով գրող հոր հետ ծավալվող խորունկ զրույցներին, այս լուսավոր ու իմաստուն գործը դարձնում է կյանքի և աշխարհի տիպիկ սարոյանական մանրակերտ, ըստ էության՝ սեղանի գիրք ամեն տարիքի ընթերցողի համար:"
95,Վարդանանք,Դերենիկ Դեմրճյան,Վեպ,Պատմական,446,Հայերեն,1968,https://www.scribd.com/document/624582247/Derenik-Demirchan-Vardananq-girk-1,"«Ինքնություն» մատենաշարի սույն հատորով լույս է տեսնում «Վարդանանք․ Վարդանի և հայոց պատերազմի մասին» աշխատությունը։ Ոսկեդարի հայ պատմիչ Եղիշե վարդապետի հռչակավոր այս երկը բովանդակում է Ավարայրի պատմությունը՝ պատճառները, ընթացքը և հետևանքը։ Գիրքը ցույց է տալիս ժամանակի հայոց իշխանական ու եկեղեցական դասի և պարզ ժողովրդի անձնուրաց նվիրումն իրենց հավատքին ու հայրենիքին, հանուն հոգևոր փրկության՝ նրանց արհամարհանքը ֆիզիկական մահվան և անթիվ չարչարանքների նկատմամբ։"
96,Դավիթ Բեկ,Րաֆֆի,Վեպ,Պատմական,413,Հայերեն,2023,https://online.anyflip.com/ujtvr/wshh/mobile/index.html,Րաֆֆու «Դավիթ Բեկ» պատմավեպն արտացոլում է 18-րդ դարի սկզբին Սյունիքում ձևավորված ազատագրական շարժումը: Հանձին Դավիթ Բեկի և նրա գլխավորած շարժման՝ Րաֆֆին գեղարվեստականացնում և կարևորում է ազգային անկախ պետականության գաղափարը:
97,The Shining,Սթիվեն Քինգ,Վեպ,Սարսափ,307,Անգլերեն,1977,https://englishprofi.com.ua/wp-content/uploads/Stephen-King-The-Shining.pdf,"«Օվերլուքը» հին ու շքեղ հյուրանոց է Կոլորադոյի Ռոքի լեռներում: Հյուրանոցի ձմեռային նոր տնտեսը՝ Ջեք Թորենսը, հույս ունի այստեղ վերագտնելու իր ստեղծագործական ձիրքը: Նրա կնոջն ավելի շատ մտահոգում է ընտանիքի վտանգված կայունությունը, իսկ Դենին՝ նրանց տղան, որն օժտված է պայծառատեսությամբ, արդեն գիտի, որ հյուրանոցի դատարկ սենյակներում իրենց դարանակալած սպասում է սարսափը:"
98,Dracula,Բրեմ Սթոքեր,Վեպ,Սարսափ,370,Անգլերեն,1897,https://ia800201.us.archive.org/34/items/draculabr00stokuoft/draculabr00stokuoft.pdf,"Բրեմ Սթոքերը բազմաթիվ գրքեր է գրել, որոնք իր ժամանակում մեծ համբավ են բերել գրողին: Բայց անմահության է արժանացել միայն մեկ վեպի շնորհիվ՝ «Դրակուլա»: Մինչ այդ էլ բազմաթիվ գրքեր են գրվել վանպիրների մասին, բայց այս մեկը դարձավ դասական, ժանրի էտալոն: Այն սկիզբ դրեց վամպիրների մասին գրականության մեծ ալիքի, որը շարունակվում է մինչ օրս: Գրքի ամենահայտնի էկրանավորումը կինոռեժիսոր Ֆ.Ֆ. Կոպպոլայի համանուն ֆիլմն է: Սթոքերը կարողացել է համադրել տարբեր ժամանակներ՝ միջնադարից մինչ իր օրերը, և տարբեր աշխարհներ՝ գաղտնիքներով ու սարսափներով լի Տրանսիլվանիայից մինչև հարմարավետ Լոնդոն: Իսկ ամենակարևորը՝ նա ստեղծել է նոր միֆական հերոս բոլոր ժամանակների համար:"
99,Frankenstein,Մերի Շելլի,Վեպ,Սարսափ,312,Անգլերեն,2022,https://www.coreknowledge.org/wp-content/uploads/2023/08/CC_Frankenstein_Reader_W1.pdf,"Ֆրանկենշթեյն կամ ժամանակակից Պրոմեթևս, անգլիացի գրող Մերի Շելիի վեպը, որը պատմում է երիտասարդ գիտնական Վիկտոր Ֆրանկենշտեյնի պատմությունը, ով ստեղծում է մի անճոռնի արարած՝ հրեշ, որն էլ իր հերթին ի վերջո հանդիսանում է Վիկտորի և նրա ընտանիքի դժբախտությունների և կործանման պատճառը։ Շելլին սկսել է գրել վեպը՝ երբ նա դեռ 18 տարեկան էր և առաջին անգամ վեպը տպագրվել է 1818 թվականին Լոնդոնում, սակայն այդ հրատարակության վրա չի եղել հեղինակի անունը։ Շելլիի անունը, որպես հեղինակ, առաջին անգամ հայտնվել է 1823 թվականին Ֆրանսիայում լույս տեսած գրքի երկրորդ հրատարակության մեջ։"
100,Оно,Սթիվեն Քինգ,Վեպ,Սարսափ,618,Անգլերեն,1985,https://www.scribd.com/document/707832164/%D0%A1%D1%82%D0%B8%D0%B2%D0%B5%D0%BD-%D0%9A%D0%B8%D0%BD%D0%B3-%D0%9E%D0%BD%D0%BE-Rus#page=618,"Հեղինակ Սթիվեն Քինգի ամենամասշտաբային վեպերից մեկը` «Оно»-ն, արժանացել է Բրիտանական ֆենթեզի մրցանակի և եղել է ներկայացված «Locus» և Համաշխարհային ֆենթեզի մրցանակների համար։ Ըստ «Rolling Stone» ամսագրի անցկացրած հարցման՝ «Оно»-ն ներառվել է Սթիվեն Քինգի լավագույն տաս գրքերի ցանկում, ինչպես նաև ընդգրկվել է «Waterstones» գրքերի ցանցի կողմից կազմված «Դարի 100 ամենամեծ գրքերի» և «Amazon» կայքի «Երկրորդ հազարամյակի լավագույն գրքերի» ցուցակներում։"
